[{"pk": 1, "model": "contenttypes.contenttype", "fields": {"model": "logentry", "name": "log entry", "app_label": "admin"}}, {"pk": 2, "model": "contenttypes.contenttype", "fields": {"model": "permission", "name": "permission", "app_label": "auth"}}, {"pk": 3, "model": "contenttypes.contenttype", "fields": {"model": "group", "name": "group", "app_label": "auth"}}, {"pk": 4, "model": "contenttypes.contenttype", "fields": {"model": "user", "name": "user", "app_label": "auth"}}, {"pk": 5, "model": "contenttypes.contenttype", "fields": {"model": "contenttype", "name": "content type", "app_label": "contenttypes"}}, {"pk": 6, "model": "contenttypes.contenttype", "fields": {"model": "session", "name": "session", "app_label": "sessions"}}, {"pk": 7, "model": "contenttypes.contenttype", "fields": {"model": "customer", "name": "customer", "app_label": "api"}}, {"pk": 8, "model": "contenttypes.contenttype", "fields": {"model": "ticket", "name": "ticket", "app_label": "api"}}, {"pk": 9, "model": "contenttypes.contenttype", "fields": {"model": "note", "name": "note", "app_label": "api"}}, {"pk": 10, "model": "contenttypes.contenttype", "fields": {"model": "actionitem", "name": "action item", "app_label": "api"}}, {"pk": 11, "model": "contenttypes.contenttype", "fields": {"model": "users", "name": "users", "app_label": "api"}}, {"pk": 12, "model": "contenttypes.contenttype", "fields": {"model": "token", "name": "token", "app_label": "api"}}, {"pk": "3mnq4i8ibi6gdm7djnoi1jwassow037l", "model": "sessions.session", "fields": {"expire_date": "2017-09-30T20:55:23.110Z", "session_data": "YTc4ZmNlYzhmNzkzMDAwNjQxZDRhYjhlMzA5MzQ5ZTAxODg1ZDJhZTqAAn1xAS4="}}, {"pk": "5b4doo1nzvos74jji0nnxif99g30fe79", "model": "sessions.session", "fields": {"expire_date": "2017-09-30T23:12:44.699Z", "session_data": "MjFjMGEzN2FiYzI4OTk4MDVmZDFjMmY3ZDBlMzVlN2VmZTQ2Y2ZkZjqAAn1xAShVDV9hdXRoX3VzZXJfaWRxAksBVRJfYXV0aF91c2VyX2JhY2tlbmRxA1UpZGphbmdvLmNvbnRyaWIuYXV0aC5iYWNrZW5kcy5Nb2RlbEJhY2tlbmRxBHUu"}}, {"pk": "daecy6tpncrsssae1ngx0s1r4yqlderl", "model": "sessions.session", "fields": {"expire_date": "2017-10-01T18:25:00.573Z", "session_data": "MDBlMGVmZDZmMWMyNjk4ZmZjNjQyOTc3NTliMWU5YjQ2OTBmYmNhZDqAAn1xAShVDV9hdXRoX3VzZXJfaWRLAVUSX2F1dGhfdXNlcl9iYWNrZW5kVSlkamFuZ28uY29udHJpYi5hdXRoLmJhY2tlbmRzLk1vZGVsQmFja2VuZHECdS4="}}, {"pk": "dqh9ky62514imwniz497c6h0xf5cr9q2", "model": "sessions.session", "fields": {"expire_date": "2017-09-28T20:07:48.784Z", "session_data": "ZjM0YjRiZmJiNjFiMjc3ZTU4OGQ4YTRjOTM3MGRmNzkzODVkNmVhNjqAAn1xAShVEl9hdXRoX3VzZXJfYmFja2VuZHECVSlkamFuZ28uY29udHJpYi5hdXRoLmJhY2tlbmRzLk1vZGVsQmFja2VuZHEDVQ1fYXV0aF91c2VyX2lkcQRLAXUu"}}, {"pk": "ep295o970yl27z9kzseqe3nixvos9tjv", "model": "sessions.session", "fields": {"expire_date": "2017-09-30T20:55:12.387Z", "session_data": "YTc4ZmNlYzhmNzkzMDAwNjQxZDRhYjhlMzA5MzQ5ZTAxODg1ZDJhZTqAAn1xAS4="}}, {"pk": "nc94r18ihbry0syz7lamesyww40daou4", "model": "sessions.session", "fields": {"expire_date": "2017-09-30T20:55:08.718Z", "session_data": "YTc4ZmNlYzhmNzkzMDAwNjQxZDRhYjhlMzA5MzQ5ZTAxODg1ZDJhZTqAAn1xAS4="}}, {"pk": "qja2f8lijicls3nrks6psk5erq2rqc8w", "model": "sessions.session", "fields": {"expire_date": "2017-09-30T20:52:17.218Z", "session_data": "YTc4ZmNlYzhmNzkzMDAwNjQxZDRhYjhlMzA5MzQ5ZTAxODg1ZDJhZTqAAn1xAS4="}}, {"pk": "rmvrd93ix27ovmyrbvvct63sx6p2pzap", "model": "sessions.session", "fields": {"expire_date": "2017-09-30T20:54:31.488Z", "session_data": "YTc4ZmNlYzhmNzkzMDAwNjQxZDRhYjhlMzA5MzQ5ZTAxODg1ZDJhZTqAAn1xAS4="}}, {"pk": "xnukprpolzav1ghkhab8n4sibtnifk4s", "model": "sessions.session", "fields": {"expire_date": "2017-09-30T20:54:47.671Z", "session_data": "YTc4ZmNlYzhmNzkzMDAwNjQxZDRhYjhlMzA5MzQ5ZTAxODg1ZDJhZTqAAn1xAS4="}}, {"pk": 1, "model": "api.customer", "fields": {"phone": "000-000-0000", "full_name": "John Smith"}}, {"pk": 2, "model": "api.customer", "fields": {"phone": "111-111-1111", "full_name": "Jane Smith"}}, {"pk": 1, "model": "api.ticket", "fields": {"status": "resolved", "last_modified_date": "2017-09-16T22:53:55.809Z", "rep_id": 1, "resolved_date": "2017-09-16T22:53:55.809Z", "details": "Test ticket details", "created_date": "2017-09-15T00:00:00Z", "contact_name": "Mr Mister", "customer_id": 1, "contact_phone": "555-555-5555", "subject": "Test ticket subject"}}, {"pk": 2, "model": "api.ticket", "fields": {"status": "resolved", "last_modified_date": "2017-09-14T00:00:00Z", "rep_id": 2, "resolved_date": "2017-09-14T00:00:00Z", "details": "details", "created_date": "2017-09-14T00:00:00Z", "contact_name": "Joe Shmoe", "customer_id": 2, "contact_phone": "555-555-5555", "subject": "subj"}}, {"pk": 3, "model": "api.ticket", "fields": {"status": "open", "last_modified_date": "2017-09-15T00:00:00Z", "rep_id": 1, "resolved_date": "2017-09-15T00:00:00Z", "details": "asdfas", "created_date": "2017-09-10T00:00:00Z", "contact_name": "asdf", "customer_id": 1, "contact_phone": "4444", "subject": "dsasffs"}}, {"pk": 6, "model": "api.ticket", "fields": {"status": "pending", "last_modified_date": "2017-09-15T00:00:00Z", "rep_id": 1, "resolved_date": "2017-09-15T00:00:00Z", "details": "details stuff here", "created_date": "2017-09-15T00:00:00Z", "contact_name": "Dr. Something", "customer_id": 1, "contact_phone": "111-111-1111", "subject": "subject stuff here"}}, {"pk": 10, "model": "api.ticket", "fields": {"status": "pending", "last_modified_date": "2017-09-15T00:00:00Z", "rep_id": 1, "resolved_date": "2017-01-01T00:00:00Z", "details": "details stuff here", "created_date": "2017-09-15T00:00:00Z", "contact_name": "Dr. Something", "customer_id": 1, "contact_phone": "111-111-1111", "subject": "subject stuff here"}}, {"pk": 13, "model": "api.ticket", "fields": {"status": "pending", "last_modified_date": "2017-09-15T00:00:00Z", "rep_id": 1, "resolved_date": "2017-09-15T00:00:00Z", "details": "details stuff here", "created_date": "2017-09-15T00:00:00Z", "contact_name": "Dr. Something", "customer_id": 1, "contact_phone": "111-111-1111", "subject": "subject stuff here"}}, {"pk": 14, "model": "api.ticket", "fields": {"status": "pending", "last_modified_date": "2017-09-15T00:00:00Z", "rep_id": 1, "resolved_date": "2017-09-15T00:00:00Z", "details": "details stuff here", "created_date": "2017-09-15T00:00:00Z", "contact_name": "Dr. Something", "customer_id": 1, "contact_phone": "111-111-1111", "subject": "subject stuff here"}}, {"pk": 15, "model": "api.ticket", "fields": {"status": "pending", "last_modified_date": "2017-09-15T00:00:00Z", "rep_id": 1, "resolved_date": null, "details": "details stuff here", "created_date": "2017-09-15T00:00:00Z", "contact_name": "Dr. Something", "customer_id": 1, "contact_phone": "111-111-1111", "subject": "subject stuff here"}}, {"pk": 16, "model": "api.ticket", "fields": {"status": "pending", "last_modified_date": "2017-09-15T00:00:00Z", "rep_id": 1, "resolved_date": null, "details": "details stuff here", "created_date": "2017-09-15T00:00:00Z", "contact_name": "Dr. Something", "customer_id": 1, "contact_phone": "111-111-1111", "subject": "subject stuff here"}}, {"pk": 17, "model": "api.ticket", "fields": {"status": "pending", "last_modified_date": "2017-09-15T16:00:26Z", "rep_id": 1, "resolved_date": null, "details": "details stuff here", "created_date": "2017-09-15T00:00:00Z", "contact_name": "Dr. Something", "customer_id": 1, "contact_phone": "111-111-1111", "subject": "subject stuff here"}}, {"pk": 18, "model": "api.ticket", "fields": {"status": "pending", "last_modified_date": "2017-09-16T19:45:55.845Z", "rep_id": 1, "resolved_date": null, "details": "details stuff here", "created_date": "2017-09-16T19:45:55.845Z", "contact_name": "Dr. Something", "customer_id": 1, "contact_phone": "111-111-1111", "subject": "subject stuff here"}}, {"pk": 19, "model": "api.ticket", "fields": {"status": "pending", "last_modified_date": "2017-09-16T19:45:58.425Z", "rep_id": 1, "resolved_date": null, "details": "details stuff here", "created_date": "2017-09-16T19:45:58.425Z", "contact_name": "Dr. Something", "customer_id": 1, "contact_phone": "111-111-1111", "subject": "subject stuff here"}}, {"pk": 20, "model": "api.ticket", "fields": {"status": "pending", "last_modified_date": "2017-09-16T19:46:00.347Z", "rep_id": 1, "resolved_date": null, "details": "details stuff here", "created_date": "2017-09-16T19:46:00.347Z", "contact_name": "Dr. Something", "customer_id": 1, "contact_phone": "111-111-1111", "subject": "subject stuff here"}}, {"pk": 21, "model": "api.ticket", "fields": {"status": "pending", "last_modified_date": "2017-09-16T19:46:02.161Z", "rep_id": 1, "resolved_date": null, "details": "details stuff here", "created_date": "2017-09-16T19:46:02.161Z", "contact_name": "Dr. Something", "customer_id": 1, "contact_phone": "111-111-1111", "subject": "subject stuff here"}}, {"pk": 22, "model": "api.ticket", "fields": {"status": "pending", "last_modified_date": "2017-09-16T19:46:04.220Z", "rep_id": 1, "resolved_date": null, "details": "details stuff here", "created_date": "2017-09-16T19:46:04.220Z", "contact_name": "Dr. Something", "customer_id": 1, "contact_phone": "111-111-1111", "subject": "subject stuff here"}}, {"pk": 23, "model": "api.ticket", "fields": {"status": "pending", "last_modified_date": "2017-09-16T23:58:38.671Z", "rep_id": 1, "resolved_date": null, "details": "details stuff here", "created_date": "2017-09-16T23:58:38.671Z", "contact_name": "Dr. Something", "customer_id": 1, "contact_phone": "111-111-1111", "subject": "subject stuff here"}}, {"pk": 24, "model": "api.ticket", "fields": {"status": "pending", "last_modified_date": "2017-09-17T00:04:26.748Z", "rep_id": 1, "resolved_date": null, "details": "details stuff here", "created_date": "2017-09-17T00:04:26.748Z", "contact_name": "Dr. Something", "customer_id": 1, "contact_phone": "111-111-1111", "subject": "subject stuff here"}}, {"pk": 25, "model": "api.ticket", "fields": {"status": "pending", "last_modified_date": "2017-09-17T19:20:03.798Z", "rep_id": 1, "resolved_date": null, "details": "details stuff here", "created_date": "2017-09-17T19:20:03.798Z", "contact_name": "Dr. Something", "customer_id": 1, "contact_phone": "111-111-1111", "subject": "subject stuff here"}}, {"pk": 1, "model": "api.note", "fields": {"created_date": "2017-09-15T00:00:00Z", "note_text": "stuff stuff stuff", "ticket_id": 1, "rep_id": 1}}, {"pk": 2, "model": "api.note", "fields": {"created_date": "2017-09-15T00:00:00Z", "note_text": "more notes", "ticket_id": 1, "rep_id": 2}}, {"pk": 3, "model": "api.note", "fields": {"created_date": "2017-09-15T00:00:00Z", "note_text": "note text here", "ticket_id": 1, "rep_id": 1}}, {"pk": 4, "model": "api.note", "fields": {"created_date": "2017-09-15T00:00:00Z", "note_text": "note text here", "ticket_id": 1, "rep_id": 1}}, {"pk": 5, "model": "api.note", "fields": {"created_date": "2017-09-15T00:00:00Z", "note_text": "note text here", "ticket_id": 1, "rep_id": 1}}, {"pk": 6, "model": "api.note", "fields": {"created_date": "2017-09-15T00:00:00Z", "note_text": "note text here", "ticket_id": 1, "rep_id": 1}}, {"pk": 7, "model": "api.note", "fields": {"created_date": "2017-09-15T00:00:00Z", "note_text": "note text here", "ticket_id": 1, "rep_id": 1}}, {"pk": 8, "model": "api.note", "fields": {"created_date": "2017-09-16T23:58:41.112Z", "note_text": "note text here", "ticket_id": 1, "rep_id": 1}}, {"pk": 9, "model": "api.note", "fields": {"created_date": "2017-09-16T23:59:37.713Z", "note_text": "note text here", "ticket_id": 1, "rep_id": 1}}, {"pk": 1, "model": "api.actionitem", "fields": {"due_date": "2017-09-14T00:00:00Z", "is_complete": true, "rep_id": 1, "created_by": 2, "description": "fasdfasdfasdfa"}}, {"pk": 2, "model": "api.actionitem", "fields": {"due_date": "2017-09-14T00:00:00Z", "is_complete": true, "rep_id": 1, "created_by": 1, "description": "ewrwrwerwerwrw"}}, {"pk": 3, "model": "api.actionitem", "fields": {"due_date": "2017-09-14T00:00:00Z", "is_complete": false, "rep_id": 1, "created_by": 1, "description": "34r34535353"}}, {"pk": 8, "model": "api.actionitem", "fields": {"due_date": "1970-01-01T00:00:00Z", "is_complete": false, "rep_id": 3, "created_by": 1, "description": "description"}}, {"pk": 9, "model": "api.actionitem", "fields": {"due_date": "1970-01-01T00:00:00Z", "is_complete": false, "rep_id": 3, "created_by": 1, "description": "description"}}, {"pk": 10, "model": "api.actionitem", "fields": {"due_date": "1970-01-01T00:00:00Z", "is_complete": false, "rep_id": 3, "created_by": 1, "description": "description"}}, {"pk": 11, "model": "api.actionitem", "fields": {"due_date": "1970-01-01T00:00:00Z", "is_complete": false, "rep_id": 3, "created_by": 1, "description": "description"}}, {"pk": 12, "model": "api.actionitem", "fields": {"due_date": "1970-01-01T00:00:00Z", "is_complete": false, "rep_id": 3, "created_by": 1, "description": "description"}}, {"pk": 13, "model": "api.actionitem", "fields": {"due_date": "1970-01-01T00:00:00Z", "is_complete": false, "rep_id": 3, "created_by": 1, "description": "description"}}, {"pk": 14, "model": "api.actionitem", "fields": {"due_date": "1970-01-01T00:00:00Z", "is_complete": false, "rep_id": 3, "created_by": 1, "description": "description"}}, {"pk": 15, "model": "api.actionitem", "fields": {"due_date": "1970-01-01T00:00:00Z", "is_complete": false, "rep_id": 3, "created_by": 1, "description": "description"}}, {"pk": 16, "model": "api.actionitem", "fields": {"due_date": "1970-01-01T00:00:00Z", "is_complete": false, "rep_id": 3, "created_by": 1, "description": "description"}}, {"pk": 17, "model": "api.actionitem", "fields": {"due_date": "1970-01-01T00:00:00Z", "is_complete": false, "rep_id": 3, "created_by": 1, "description": "description"}}, {"pk": 18, "model": "api.actionitem", "fields": {"due_date": "1970-01-01T00:00:00Z", "is_complete": false, "rep_id": 1, "created_by": 1, "description": "description"}}, {"pk": 19, "model": "api.actionitem", "fields": {"due_date": "1970-01-01T00:00:00Z", "is_complete": false, "rep_id": 3, "created_by": 1, "description": "description"}}, {"pk": 20, "model": "api.actionitem", "fields": {"due_date": "1970-01-01T00:00:00Z", "is_complete": false, "rep_id": 3, "created_by": 1, "description": "description"}}, {"pk": 21, "model": "api.actionitem", "fields": {"due_date": "1970-01-01T00:00:00Z", "is_complete": false, "rep_id": 3, "created_by": 1, "description": "description"}}, {"pk": 22, "model": "api.actionitem", "fields": {"due_date": "1970-01-01T00:00:00Z", "is_complete": false, "rep_id": 3, "created_by": 1, "description": "description"}}, {"pk": 23, "model": "api.actionitem", "fields": {"due_date": "1970-01-01T00:00:00Z", "is_complete": false, "rep_id": 3, "created_by": 1, "description": "description"}}, {"pk": 24, "model": "api.actionitem", "fields": {"due_date": "1970-01-01T00:00:00Z", "is_complete": false, "rep_id": 3, "created_by": 1, "description": "description"}}, {"pk": 25, "model": "api.actionitem", "fields": {"due_date": "1970-01-01T00:00:00Z", "is_complete": false, "rep_id": 3, "created_by": 1, "description": "description"}}, {"pk": 26, "model": "api.actionitem", "fields": {"due_date": "1970-01-01T00:00:00Z", "is_complete": false, "rep_id": 3, "created_by": 1, "description": "description"}}, {"pk": 20, "model": "api.token", "fields": {"jwt": "eyJhbGciOiAiUFMyNTYiLCAidHlwIjogIkpXVCJ9.eyJpYXQiOiAxNTA1NjcyNzAwLCAiZm9vIjogImJiYWlsZXkucm9iZXJ0LmFAZ21haWwuY29tIiwgImp0aSI6ICJRZDNyNzE4aHE4WTRjNTRqR0dKRktBPT0iLCAibmJmIjogMTUwNTY3MjcwMCwgImV4cCI6IDE1MDU3NTkxMDB9.olN7nQ3fbTWqHw5FLxcw-zD1hOMtW41AtVkZa3Si3p6tFWH0BJJCtxmnlOLf_xfB4tcqfSpD6kX-OtUOljSZSvCuw6IJIxEKRY4luUd_3vlSaXXFDstIxVmTeOCQy0A0fgyg77ieOxmPibwDDYD9ypaQ7kDUJyTu_ffOaNedUu69fdY7TX_j6m4oieYbo1d1vmaVmE4FmLmnEZm0oBk6JfGDVaVSNolaIsUxhZaogruFN_a5qgVzDunh85OsYhcK6AqvhT0vLISfxokmdJC8xC75WRDa3kvE7__0R6U2dbgQPNmF3zF9CY3UcSBuCUuLjyLY1Wm0xyDllLFQi3pBYw", "user_id": 1}}, {"pk": 1, "model": "auth.permission", "fields": {"codename": "add_logentry", "name": "Can add log entry", "content_type": 1}}, {"pk": 2, "model": "auth.permission", "fields": {"codename": "change_logentry", "name": "Can change log entry", "content_type": 1}}, {"pk": 3, "model": "auth.permission", "fields": {"codename": "delete_logentry", "name": "Can delete log entry", "content_type": 1}}, {"pk": 4, "model": "auth.permission", "fields": {"codename": "add_permission", "name": "Can add permission", "content_type": 2}}, {"pk": 5, "model": "auth.permission", "fields": {"codename": "change_permission", "name": "Can change permission", "content_type": 2}}, {"pk": 6, "model": "auth.permission", "fields": {"codename": "delete_permission", "name": "Can delete permission", "content_type": 2}}, {"pk": 7, "model": "auth.permission", "fields": {"codename": "add_group", "name": "Can add group", "content_type": 3}}, {"pk": 8, "model": "auth.permission", "fields": {"codename": "change_group", "name": "Can change group", "content_type": 3}}, {"pk": 9, "model": "auth.permission", "fields": {"codename": "delete_group", "name": "Can delete group", "content_type": 3}}, {"pk": 10, "model": "auth.permission", "fields": {"codename": "add_user", "name": "Can add user", "content_type": 4}}, {"pk": 11, "model": "auth.permission", "fields": {"codename": "change_user", "name": "Can change user", "content_type": 4}}, {"pk": 12, "model": "auth.permission", "fields": {"codename": "delete_user", "name": "Can delete user", "content_type": 4}}, {"pk": 13, "model": "auth.permission", "fields": {"codename": "add_contenttype", "name": "Can add content type", "content_type": 5}}, {"pk": 14, "model": "auth.permission", "fields": {"codename": "change_contenttype", "name": "Can change content type", "content_type": 5}}, {"pk": 15, "model": "auth.permission", "fields": {"codename": "delete_contenttype", "name": "Can delete content type", "content_type": 5}}, {"pk": 16, "model": "auth.permission", "fields": {"codename": "add_session", "name": "Can add session", "content_type": 6}}, {"pk": 17, "model": "auth.permission", "fields": {"codename": "change_session", "name": "Can change session", "content_type": 6}}, {"pk": 18, "model": "auth.permission", "fields": {"codename": "delete_session", "name": "Can delete session", "content_type": 6}}, {"pk": 19, "model": "auth.permission", "fields": {"codename": "add_customer", "name": "Can add customer", "content_type": 7}}, {"pk": 20, "model": "auth.permission", "fields": {"codename": "change_customer", "name": "Can change customer", "content_type": 7}}, {"pk": 21, "model": "auth.permission", "fields": {"codename": "delete_customer", "name": "Can delete customer", "content_type": 7}}, {"pk": 22, "model": "auth.permission", "fields": {"codename": "add_ticket", "name": "Can add ticket", "content_type": 8}}, {"pk": 23, "model": "auth.permission", "fields": {"codename": "change_ticket", "name": "Can change ticket", "content_type": 8}}, {"pk": 24, "model": "auth.permission", "fields": {"codename": "delete_ticket", "name": "Can delete ticket", "content_type": 8}}, {"pk": 25, "model": "auth.permission", "fields": {"codename": "add_note", "name": "Can add note", "content_type": 9}}, {"pk": 26, "model": "auth.permission", "fields": {"codename": "change_note", "name": "Can change note", "content_type": 9}}, {"pk": 27, "model": "auth.permission", "fields": {"codename": "delete_note", "name": "Can delete note", "content_type": 9}}, {"pk": 28, "model": "auth.permission", "fields": {"codename": "add_actionitem", "name": "Can add action item", "content_type": 10}}, {"pk": 29, "model": "auth.permission", "fields": {"codename": "change_actionitem", "name": "Can change action item", "content_type": 10}}, {"pk": 30, "model": "auth.permission", "fields": {"codename": "delete_actionitem", "name": "Can delete action item", "content_type": 10}}, {"pk": 31, "model": "auth.permission", "fields": {"codename": "add_users", "name": "Can add users", "content_type": 11}}, {"pk": 32, "model": "auth.permission", "fields": {"codename": "change_users", "name": "Can change users", "content_type": 11}}, {"pk": 33, "model": "auth.permission", "fields": {"codename": "delete_users", "name": "Can delete users", "content_type": 11}}, {"pk": 34, "model": "auth.permission", "fields": {"codename": "add_token", "name": "Can add token", "content_type": 12}}, {"pk": 35, "model": "auth.permission", "fields": {"codename": "change_token", "name": "Can change token", "content_type": 12}}, {"pk": 36, "model": "auth.permission", "fields": {"codename": "delete_token", "name": "Can delete token", "content_type": 12}}, {"pk": 1, "model": "auth.user", "fields": {"username": "b", "first_name": "", "last_name": "", "is_active": true, "is_superuser": true, "is_staff": true, "last_login": "2017-09-17T18:24:59.612Z", "groups": [], "user_permissions": [], "password": "pbkdf2_sha256$10000$QuTLT98X5dmU$RFvdhU7fXNUcbws3zJP4+Sb+8kUOiHM4OI8OG3Nis2A=", "email": "bailey.robert.a@gmail.com", "date_joined": "2017-09-14T20:07:22Z"}}, {"pk": 2, "model": "auth.user", "fields": {"username": "admin", "first_name": "", "last_name": "", "is_active": true, "is_superuser": true, "is_staff": true, "last_login": "2017-09-17T00:03:35.966Z", "groups": [], "user_permissions": [], "password": "pbkdf2_sha256$10000$8xjArogcIHix$+Cp50DOI9PgITsHR6mtww9lrJ0Tn3KujCDrfcoMN0Uc=", "email": "", "date_joined": "2017-09-15T22:57:22.143Z"}}, {"pk": 1, "model": "admin.logentry", "fields": {"action_flag": 1, "action_time": "2017-09-14T20:12:25.246Z", "object_repr": "Users object", "object_id": "1", "change_message": "", "user": 1, "content_type": 11}}, {"pk": 2, "model": "admin.logentry", "fields": {"action_flag": 1, "action_time": "2017-09-14T20:59:28.163Z", "object_repr": "Ticket object", "object_id": "1", "change_message": "", "user": 1, "content_type": 8}}, {"pk": 3, "model": "admin.logentry", "fields": {"action_flag": 1, "action_time": "2017-09-14T21:00:02.472Z", "object_repr": "Ticket object", "object_id": "2", "change_message": "", "user": 1, "content_type": 8}}, {"pk": 4, "model": "admin.logentry", "fields": {"action_flag": 1, "action_time": "2017-09-14T21:18:19.203Z", "object_repr": "ActionItem object", "object_id": "1", "change_message": "", "user": 1, "content_type": 10}}, {"pk": 5, "model": "admin.logentry", "fields": {"action_flag": 1, "action_time": "2017-09-14T21:18:28.109Z", "object_repr": "ActionItem object", "object_id": "2", "change_message": "", "user": 1, "content_type": 10}}, {"pk": 6, "model": "admin.logentry", "fields": {"action_flag": 1, "action_time": "2017-09-14T21:18:38.124Z", "object_repr": "ActionItem object", "object_id": "3", "change_message": "", "user": 1, "content_type": 10}}, {"pk": 7, "model": "admin.logentry", "fields": {"action_flag": 2, "action_time": "2017-09-14T21:19:26.732Z", "object_repr": "ActionItem object", "object_id": "2", "change_message": "Changed rep_id.", "user": 1, "content_type": 10}}, {"pk": 8, "model": "admin.logentry", "fields": {"action_flag": 2, "action_time": "2017-09-14T23:52:41.015Z", "object_repr": "ActionItem object", "object_id": "1", "change_message": "Changed is_complete.", "user": 1, "content_type": 10}}, {"pk": 9, "model": "admin.logentry", "fields": {"action_flag": 2, "action_time": "2017-09-15T18:53:59.312Z", "object_repr": "Ticket object", "object_id": "1", "change_message": "Changed created_date.", "user": 1, "content_type": 8}}, {"pk": 10, "model": "admin.logentry", "fields": {"action_flag": 1, "action_time": "2017-09-15T18:55:56.960Z", "object_repr": "Ticket object", "object_id": "3", "change_message": "", "user": 1, "content_type": 8}}, {"pk": 11, "model": "admin.logentry", "fields": {"action_flag": 1, "action_time": "2017-09-15T19:16:04.851Z", "object_repr": "Note object", "object_id": "1", "change_message": "", "user": 1, "content_type": 9}}, {"pk": 12, "model": "admin.logentry", "fields": {"action_flag": 1, "action_time": "2017-09-15T19:16:16.667Z", "object_repr": "Note object", "object_id": "2", "change_message": "", "user": 1, "content_type": 9}}, {"pk": 13, "model": "admin.logentry", "fields": {"action_flag": 1, "action_time": "2017-09-15T19:53:52.369Z", "object_repr": "Customer object", "object_id": "1", "change_message": "", "user": 1, "content_type": 7}}, {"pk": 14, "model": "admin.logentry", "fields": {"action_flag": 1, "action_time": "2017-09-15T19:54:05.127Z", "object_repr": "Customer object", "object_id": "2", "change_message": "", "user": 1, "content_type": 7}}, {"pk": 15, "model": "admin.logentry", "fields": {"action_flag": 2, "action_time": "2017-09-15T23:00:32.233Z", "object_repr": "Ticket object", "object_id": "17", "change_message": "Changed last_modified_date.", "user": 2, "content_type": 8}}, {"pk": 16, "model": "admin.logentry", "fields": {"action_flag": 1, "action_time": "2017-09-16T15:52:01.915Z", "object_repr": "Users object", "object_id": "2", "change_message": "", "user": 2, "content_type": 11}}, {"pk": 17, "model": "admin.logentry", "fields": {"action_flag": 1, "action_time": "2017-09-16T15:52:15.541Z", "object_repr": "Users object", "object_id": "3", "change_message": "", "user": 2, "content_type": 11}}, {"pk": 18, "model": "admin.logentry", "fields": {"action_flag": 1, "action_time": "2017-09-16T15:52:26.565Z", "object_repr": "Users object", "object_id": "4", "change_message": "", "user": 2, "content_type": 11}}, {"pk": 19, "model": "admin.logentry", "fields": {"action_flag": 1, "action_time": "2017-09-16T15:52:33.701Z", "object_repr": "Users object", "object_id": "5", "change_message": "", "user": 2, "content_type": 11}}, {"pk": 20, "model": "admin.logentry", "fields": {"action_flag": 1, "action_time": "2017-09-16T15:52:41.829Z", "object_repr": "Users object", "object_id": "6", "change_message": "", "user": 2, "content_type": 11}}, {"pk": 21, "model": "admin.logentry", "fields": {"action_flag": 1, "action_time": "2017-09-16T15:52:51.682Z", "object_repr": "Users object", "object_id": "7", "change_message": "", "user": 2, "content_type": 11}}, {"pk": 22, "model": "admin.logentry", "fields": {"action_flag": 1, "action_time": "2017-09-16T15:52:57.776Z", "object_repr": "Users object", "object_id": "8", "change_message": "", "user": 2, "content_type": 11}}, {"pk": 23, "model": "admin.logentry", "fields": {"action_flag": 1, "action_time": "2017-09-16T15:53:03.652Z", "object_repr": "Users object", "object_id": "9", "change_message": "", "user": 2, "content_type": 11}}, {"pk": 24, "model": "admin.logentry", "fields": {"action_flag": 1, "action_time": "2017-09-16T15:53:09.235Z", "object_repr": "Users object", "object_id": "10", "change_message": "", "user": 2, "content_type": 11}}, {"pk": 25, "model": "admin.logentry", "fields": {"action_flag": 1, "action_time": "2017-09-16T15:53:17.567Z", "object_repr": "Users object", "object_id": "11", "change_message": "", "user": 2, "content_type": 11}}, {"pk": 26, "model": "admin.logentry", "fields": {"action_flag": 1, "action_time": "2017-09-16T15:53:28.998Z", "object_repr": "Users object", "object_id": "12", "change_message": "", "user": 2, "content_type": 11}}, {"pk": 27, "model": "admin.logentry", "fields": {"action_flag": 2, "action_time": "2017-09-16T19:32:06.391Z", "object_repr": "ActionItem object", "object_id": "19", "change_message": "Changed rep_id.", "user": 2, "content_type": 10}}, {"pk": 28, "model": "admin.logentry", "fields": {"action_flag": 2, "action_time": "2017-09-16T19:32:14.770Z", "object_repr": "ActionItem object", "object_id": "18", "change_message": "Changed rep_id.", "user": 2, "content_type": 10}}, {"pk": 29, "model": "admin.logentry", "fields": {"action_flag": 2, "action_time": "2017-09-16T19:32:49.787Z", "object_repr": "ActionItem object", "object_id": "19", "change_message": "Changed rep_id.", "user": 2, "content_type": 10}}, {"pk": 30, "model": "admin.logentry", "fields": {"action_flag": 2, "action_time": "2017-09-16T20:18:27.196Z", "object_repr": "b", "object_id": "1", "change_message": "Changed password and email.", "user": 1, "content_type": 4}}, {"pk": 31, "model": "admin.logentry", "fields": {"action_flag": 2, "action_time": "2017-09-17T19:02:47.222Z", "object_repr": "ActionItem object", "object_id": "1", "change_message": "Changed is_complete.", "user": 1, "content_type": 10}}]